{"stats":{"minecraft:killed_by":{"minecraft:husk":2,"minecraft:skeleton":3},"minecraft:used":{"minecraft:ladder":1,"minecraft:poppy":1,"minecraft:chest":4,"minecraft:shield":7,"minecraft:iron_sword":286,"minecraft:player_head":1,"minecraft:milk_bucket":1,"minecraft:obsidian":1,"minecraft:spruce_boat":4,"minecraft:birch_sapling":1,"minecraft:dark_oak_slab":2,"minecraft:sweet_berries":1,"minecraft:egg":1,"minecraft:dark_oak_stairs":1,"minecraft:diorite":1,"minecraft:oak_planks":250,"minecraft:ender_pearl":5,"minecraft:wooden_pickaxe":19,"minecraft:crossbow":3,"minecraft:black_terracotta":1,"minecraft:bread":144,"minecraft:melon_slice":1,"minecraft:red_terracotta":38,"minecraft:diamond_sword":422,"globalxp:xp_block":6,"minecraft:birch_log":2,"minecraft:bone_meal":1,"minecraft:enchanting_table":1,"minecraft:stone_sword":152,"minecraft:spruce_planks":29,"minecraft:cooked_salmon":6,"minecraft:torch":9,"minecraft:dirt":5,"minecraft:spyglass":48,"minecraft:dark_oak_planks":9,"minecraft:bookshelf":27,"minecraft:iron_axe":265,"minecraft:iron_boots":1,"minecraft:cooked_beef":15,"minecraft:cobbled_deepslate":36,"minecraft:iron_leggings":1,"minecraft:calcite":6,"minecraft:cooked_mutton":3,"minecraft:water_bucket":43,"minecraft:birch_planks":2,"minecraft:baked_potato":14,"anthropology_items__structures:hunters_machete":71,"minecraft:terracotta":14,"minecraft:crafting_table":10,"minecraft:red_bed":5,"minecraft:campfire":11,"minecraft:white_bed":1,"minecraft:painting":2,"minecraft:diamond_pickaxe":131,"minecraft:iron_pickaxe":116,"minecraft:stone_axe":132,"minecraft:cobblestone":17,"minecraft:potion":1,"minecraft:bucket":47,"minecraft:dandelion":1},"minecraft:killed":{"minecraft:spider":1,"minecraft:skeleton":66,"minecraft:bee":2,"minecraft:chicken":3,"minecraft:silverfish":19,"minecraft:pig":8,"minecraft:salmon":18,"minecraft:sheep":7,"minecraft:pillager":11,"minecraft:zombie":6,"minecraft:cow":12,"minecraft:husk":24},"minecraft:picked_up":{"minecraft:iron_chestplate":2,"minecraft:flower_pot":1,"minecraft:oak_stairs":1,"minecraft:brown_bed":1,"minecraft:potion":1,"minecraft:string":1,"minecraft:cooked_salmon":6,"minecraft:iron_leggings":2,"minecraft:cobbled_deepslate":36,"minecraft:spruce_planks":27,"minecraft:rose_bush":4,"minecraft:calcite":23,"minecraft:melon_slice":22,"minecraft:coal_block":1,"minecraft:iron_boots":1,"minecraft:stick":21,"minecraft:beehive":2,"minecraft:big_dripleaf":1,"minecraft:porkchop":13,"minecraft:diorite":2,"minecraft:rotten_flesh":60,"minecraft:obsidian":4,"minecraft:cobblestone":35,"minecraft:birch_log":35,"minecraft:enchanting_table":1,"minecraft:cooked_beef":27,"minecraft:feather":8,"minecraft:andesite":1,"minecraft:flint":1,"minecraft:map":6,"minecraft:lapis_lazuli":22,"minecraft:dirt":5,"minecraft:polished_granite":3,"minecraft:bone":70,"minecraft:wheat_seeds":6,"minecraft:dark_oak_sign":1,"minecraft:cyan_candle":8,"minecraft:oak_planks":7,"minecraft:black_terracotta":1,"minecraft:cooked_porkchop":12,"minecraft:stripped_acacia_wood":1,"minecraft:jungle_planks":2,"minecraft:granite_slab":2,"minecraft:lily_of_the_valley":1,"minecraft:cyan_bed":1,"minecraft:dark_oak_log":20,"minecraft:red_terracotta":42,"minecraft:barrel":1,"minecraft:polished_andesite":1,"minecraft:diamond":8,"minecraft:spruce_boat":1,"minecraft:crossbow":1,"minecraft:granite":2,"minecraft:bone_meal":1,"minecraft:oak_sapling":28,"minecraft:bricks":2,"minecraft:dark_oak_fence":1,"minecraft:charcoal":2,"minecraft:crafting_table":3,"minecraft:chicken":3,"minecraft:ladder":4,"minecraft:wooden_pickaxe":3,"gravestone:obituary":2,"minecraft:red_bed":5,"minecraft:moss_carpet":1,"minecraft:cyan_carpet":4,"minecraft:beef":22,"minecraft:player_head":3,"minecraft:poppy":1,"minecraft:spruce_slab":1,"minecraft:sugar_cane":10,"minecraft:chest":1,"minecraft:birch_sapling":5,"globalxp:xp_block":11,"minecraft:egg":1,"minecraft:dark_oak_sapling":15,"minecraft:stripped_mangrove_wood":3,"minecraft:spruce_fence":1,"minecraft:dark_oak_planks":14,"minecraft:tnt":1,"minecraft:arrow":68,"minecraft:glow_berries":3,"minecraft:mutton":11,"minecraft:white_wool":17,"minecraft:salmon":15,"minecraft:leather":13,"minecraft:filled_map":2,"minecraft:birch_planks":6,"minecraft:crimson_fungus":1,"minecraft:oak_log":47,"minecraft:cooked_mutton":6,"minecraft:apple":4,"minecraft:gray_carpet":3,"minecraft:stone_pickaxe":1,"minecraft:cooked_chicken":9,"minecraft:cobweb":6,"minecraft:glass_bottle":6,"minecraft:mangrove_planks":2,"minecraft:dark_oak_stairs":1,"minecraft:book":183,"minecraft:dark_oak_slab":3,"minecraft:sweet_berries":29,"minecraft:dandelion":3,"minecraft:spyglass":1,"minecraft:gravel":2,"minecraft:red_banner":1,"minecraft:spruce_sapling":19,"minecraft:blast_furnace":4,"minecraft:spruce_log":143,"minecraft:nether_brick_slab":2,"minecraft:spider_eye":2,"minecraft:chainmail_leggings":1,"minecraft:painting":2,"minecraft:terracotta":21,"minecraft:damaged_anvil":1,"minecraft:coal":11},"minecraft:broken":{"minecraft:iron_axe":1,"minecraft:leather_boots":1},"minecraft:custom":{"minecraft:interact_with_crafting_table":35,"minecraft:open_barrel":67,"minecraft:eat_cake_slice":2,"minecraft:leave_game":2,"minecraft:time_since_death":98467,"minecraft:sprint_one_cm":877542,"minecraft:damage_blocked_by_shield":260,"minecraft:drop":82,"minecraft:talked_to_villager":2,"minecraft:play_time":201461,"minecraft:deaths":6,"minecraft:jump":5006,"minecraft:walk_on_water_one_cm":42384,"minecraft:interact_with_furnace":1,"minecraft:interact_with_cartography_table":1,"minecraft:sleep_in_bed":5,"minecraft:damage_dealt":41587,"minecraft:crouch_one_cm":30596,"minecraft:interact_with_smoker":1,"minecraft:mob_kills":198,"minecraft:interact_with_campfire":80,"minecraft:climb_one_cm":26470,"minecraft:walk_one_cm":376806,"minecraft:sneak_time":9922,"minecraft:walk_under_water_one_cm":31446,"minecraft:boat_one_cm":122985,"minecraft:interact_with_blast_furnace":2,"minecraft:total_world_time":201461,"minecraft:tune_noteblock":1,"minecraft:time_since_rest":98547,"minecraft:damage_taken":10743,"minecraft:swim_one_cm":82601,"minecraft:fly_one_cm":1113834,"minecraft:open_chest":246,"minecraft:fall_one_cm":182087},"minecraft:crafted":{"minecraft:oak_planks":288,"minecraft:bookshelf":37,"minecraft:diamond_helmet":2,"minecraft:diamond_leggings":2,"minecraft:iron_boots":2,"minecraft:chest":4,"minecraft:crafting_table":8,"minecraft:spruce_planks":316,"minecraft:wooden_pickaxe":1,"minecraft:iron_helmet":1,"minecraft:birch_planks":128,"minecraft:campfire":11,"minecraft:iron_chestplate":1,"minecraft:diamond_pickaxe":1,"minecraft:shield":2,"minecraft:stick":48,"minecraft:stone_sword":1,"minecraft:coal":9,"minecraft:iron_axe":1,"minecraft:stone_pickaxe":1,"minecraft:diamond_boots":2,"minecraft:spruce_boat":3,"minecraft:dark_oak_planks":80,"minecraft:diamond_sword":1,"minecraft:enchanting_table":1,"minecraft:iron_sword":2,"minecraft:bucket":4,"minecraft:stone_axe":1,"minecraft:iron_leggings":1,"minecraft:white_bed":1,"minecraft:torch":24,"minecraft:diamond_chestplate":2},"minecraft:mined":{"minecraft:dark_oak_planks":8,"minecraft:spruce_planks":26,"minecraft:black_terracotta":1,"minecraft:obsidian":5,"minecraft:cave_vines_plant":1,"minecraft:granite":2,"minecraft:spawner":21,"minecraft:cobbled_deepslate":3,"minecraft:barrel":1,"minecraft:granite_slab":1,"minecraft:enchanting_table":1,"minecraft:dark_oak_stairs":1,"minecraft:oak_stairs":1,"minecraft:azalea_leaves":1,"minecraft:stripped_mangrove_wood":2,"minecraft:player_head":2,"minecraft:spruce_slab":1,"minecraft:red_bed":5,"minecraft:powder_snow":2,"minecraft:blast_furnace":4,"minecraft:calcite":14,"minecraft:poppy":1,"minecraft:melon":5,"minecraft:chest":1,"minecraft:white_stained_glass_pane":1,"minecraft:nether_brick_slab":1,"minecraft:mushroom_stem":1,"minecraft:cyan_bed":1,"minecraft:sugar_cane":4,"minecraft:oak_planks":7,"minecraft:damaged_anvil":1,"minecraft:bricks":2,"minecraft:seagrass":2,"minecraft:chain":1,"minecraft:dark_oak_slab":2,"minecraft:birch_log":39,"minecraft:blue_ice":3,"minecraft:tnt":6,"minecraft:grass":30,"minecraft:oak_log":52,"minecraft:dirt":5,"minecraft:oak_leaves":2,"minecraft:cyan_candle":2,"minecraft:deepslate":41,"minecraft:deepslate_diamond_ore":8,"minecraft:dark_oak_log":20,"gravestone:gravestone":5,"minecraft:dark_oak_fence":2,"minecraft:spruce_fence":2,"minecraft:jungle_planks":2,"minecraft:polished_andesite_slab":1,"minecraft:spruce_leaves":1,"minecraft:large_fern":4,"minecraft:andesite":1,"minecraft:bookshelf":59,"minecraft:stone":36,"minecraft:white_wool":9,"minecraft:lily_of_the_valley":1,"minecraft:red_banner":1,"minecraft:dandelion":2,"minecraft:polished_granite":3,"minecraft:crafting_table":2,"minecraft:rose_bush":3,"minecraft:andesite_slab":1,"minecraft:campfire":1,"minecraft:tall_grass":24,"minecraft:lapis_ore":3,"minecraft:diorite":2,"minecraft:spruce_stairs":1,"minecraft:red_terracotta":42,"minecraft:beehive":1,"minecraft:sweet_berry_bush":18,"globalxp:xp_block":6,"minecraft:spruce_log":152,"minecraft:birch_leaves":8,"minecraft:mangrove_planks":1,"minecraft:coal_ore":10,"minecraft:gravel":3,"minecraft:cyan_carpet":3,"minecraft:terracotta":23,"minecraft:stripped_acacia_wood":1,"minecraft:polished_andesite":3,"minecraft:fern":5},"minecraft:dropped":{"minecraft:iron_sword":1,"minecraft:stripped_mangrove_wood":1,"minecraft:glass_bottle":5,"minecraft:ender_pearl":1,"minecraft:crossbow":1,"minecraft:mangrove_planks":1,"minecraft:mutton":1,"gravestone:obituary":3,"minecraft:dark_oak_planks":1,"minecraft:white_wool":4,"minecraft:cyan_carpet":2,"minecraft:white_tulip":1,"minecraft:crimson_fungus":1,"minecraft:stone_axe":1,"minecraft:sugar_cane":4,"minecraft:birch_sapling":1,"minecraft:rotten_flesh":17,"minecraft:skeleton_skull":1,"minecraft:melon_seeds":2,"globalxp:xp_block":5,"minecraft:spruce_slab":1,"minecraft:polished_granite":3,"minecraft:bread":9,"minecraft:wheat_seeds":1,"minecraft:diamond_leggings":1,"minecraft:iron_helmet":1,"minecraft:cobblestone":1,"minecraft:diamond_helmet":1,"minecraft:iron_leggings":3,"minecraft:cyan_candle":5,"minecraft:gray_carpet":1,"minecraft:dandelion":1,"minecraft:nether_brick_slab":2,"minecraft:bricks":2,"minecraft:sweet_berries":2,"minecraft:dark_oak_sign":1,"minecraft:iron_boots":2,"minecraft:filled_map":2,"minecraft:potato":2,"minecraft:shield":1,"minecraft:diamond_chestplate":1,"minecraft:spruce_planks":2,"minecraft:iron_chestplate":2,"minecraft:cake":1,"minecraft:diamond_boots":1,"minecraft:wooden_pickaxe":2,"minecraft:calcite":7,"minecraft:terracotta":7}},"DataVersion":3465}