{"stats":{"minecraft:killed_by":{"minecraft:husk":2,"minecraft:skeleton":6},"minecraft:used":{"minecraft:chest":4,"minecraft:spruce_planks":57,"minecraft:shield":28,"minecraft:iron_sword":124,"minecraft:cooked_salmon":4,"minecraft:rotten_flesh":1,"minecraft:dirt":10,"minecraft:spyglass":92,"minecraft:carrot":6,"minecraft:granite":1,"minecraft:spruce_fence":1,"minecraft:wooden_axe":39,"minecraft:bricks":11,"minecraft:iron_axe":154,"minecraft:beef":3,"minecraft:bow":26,"minecraft:sweet_berries":6,"minecraft:furnace":2,"minecraft:egg":2,"minecraft:light_gray_bed":2,"minecraft:iron_leggings":1,"minecraft:calcite":7,"minecraft:cooked_mutton":4,"minecraft:water_bucket":5,"minecraft:birch_planks":87,"minecraft:stone_pickaxe":74,"minecraft:polished_andesite":1,"minecraft:ender_pearl":3,"minecraft:wooden_pickaxe":12,"minecraft:salmon":2,"minecraft:stripped_mangrove_wood":8,"anthropology_items__structures:hunters_machete":414,"minecraft:mangrove_trapdoor":1,"minecraft:terracotta":34,"minecraft:tnt":10,"minecraft:crafting_table":4,"minecraft:light_gray_terracotta":26,"cwsr:cyan_sword":3,"minecraft:white_bed":3,"minecraft:creeper_spawn_egg":1,"minecraft:apple":7,"minecraft:bread":44,"minecraft:iron_pickaxe":155,"minecraft:leather_helmet":1,"minecraft:stone_axe":99,"minecraft:potion":2,"minecraft:diamond_sword":166,"minecraft:cobblestone":29,"globalxp:xp_block":6,"minecraft:cooked_porkchop":27,"minecraft:bucket":6,"minecraft:pumpkin_pie":8,"cwsr:thunder_sword":3,"minecraft:coarse_dirt":1},"minecraft:killed":{"minecraft:spider":4,"minecraft:skeleton":29,"minecraft:horse":1,"minecraft:chicken":6,"minecraft:silverfish":4,"minecraft:wolf":4,"minecraft:husk":25,"minecraft:pig":9,"minecraft:salmon":3,"minecraft:frog":1,"minecraft:creeper":2,"minecraft:pillager":8,"minecraft:zombie":13,"minecraft:cow":14},"minecraft:picked_up":{"minecraft:wooden_axe":2,"minecraft:charcoal":2,"minecraft:iron_chestplate":4,"minecraft:coarse_dirt":1,"minecraft:shelter_pottery_sherd":1,"minecraft:crafting_table":1,"minecraft:chicken":6,"minecraft:ladder":8,"minecraft:clay_ball":16,"minecraft:potion":2,"minecraft:enchanted_book":1,"minecraft:stone_brick_stairs":1,"gravestone:obituary":4,"minecraft:shield":1,"minecraft:string":9,"minecraft:cooked_salmon":4,"minecraft:iron_leggings":2,"minecraft:cyan_carpet":1,"minecraft:blue_orchid":1,"minecraft:sea_pickle":3,"minecraft:diamond_leggings":1,"minecraft:spruce_planks":17,"minecraft:beef":26,"minecraft:rose_bush":2,"minecraft:player_head":2,"minecraft:calcite":14,"minecraft:azalea":3,"minecraft:lectern":2,"minecraft:coal_block":2,"minecraft:birch_sapling":4,"globalxp:xp_block":8,"minecraft:spruce_trapdoor":1,"minecraft:iron_boots":1,"minecraft:egg":4,"minecraft:stick":32,"minecraft:raw_iron":14,"minecraft:sheaf_pottery_sherd":1,"minecraft:stripped_mangrove_wood":8,"minecraft:stone":1,"minecraft:big_dripleaf":10,"minecraft:spruce_stairs":3,"minecraft:spruce_fence":3,"minecraft:porkchop":19,"minecraft:cake":1,"minecraft:redstone":28,"minecraft:mangrove_trapdoor":1,"minecraft:dark_oak_planks":7,"minecraft:tnt":9,"minecraft:arrow":39,"minecraft:rotten_flesh":19,"minecraft:light_gray_bed":3,"minecraft:diamond_chestplate":1,"minecraft:tropical_fish":4,"minecraft:diamond_boots":1,"minecraft:gold_ingot":11,"minecraft:mutton":2,"minecraft:white_wool":10,"minecraft:cobblestone":52,"minecraft:birch_log":28,"minecraft:feather":8,"minecraft:tripwire_hook":1,"minecraft:salmon":2,"minecraft:leather":13,"minecraft:potato":3,"minecraft:birch_planks":146,"anthropology_items__structures:hunters_machete":1,"minecraft:oak_log":75,"minecraft:gunpowder":7,"minecraft:lapis_lazuli":18,"minecraft:dirt":20,"minecraft:paper":8,"minecraft:cooked_mutton":4,"minecraft:bone":30,"minecraft:apple":3,"minecraft:bow":2,"minecraft:wheat_seeds":6,"minecraft:creeper_spawn_egg":1,"minecraft:iron_ingot":5,"minecraft:diamond_helmet":1,"minecraft:bamboo":2,"minecraft:polished_andesite_slab":2,"minecraft:iron_sword":1,"minecraft:oak_planks":6,"minecraft:dark_oak_stairs":6,"minecraft:book":195,"minecraft:black_candle":1,"minecraft:sweet_berries":22,"minecraft:spruce_sapling":1,"minecraft:blast_furnace":7,"minecraft:white_bed":2,"minecraft:spruce_log":29,"minecraft:light_gray_terracotta":26,"minecraft:polished_andesite":1,"minecraft:snort_pottery_sherd":1,"minecraft:diamond":9,"minecraft:angler_pottery_sherd":1,"minecraft:chainmail_leggings":1,"minecraft:iron_helmet":1,"minecraft:granite":5,"minecraft:emerald":2,"minecraft:bread":17,"minecraft:terracotta":34,"minecraft:baked_potato":11,"minecraft:oak_sapling":7,"minecraft:bricks":11,"minecraft:coal":33,"minecraft:ender_pearl":1},"minecraft:broken":{"minecraft:leather_helmet":1,"anthropology_items__structures:hunters_machete":1,"minecraft:iron_sword":1},"minecraft:custom":{"minecraft:mob_kills":127,"minecraft:interact_with_crafting_table":20,"minecraft:open_barrel":44,"minecraft:interact_with_campfire":5,"minecraft:eat_cake_slice":3,"minecraft:leave_game":2,"minecraft:time_since_death":5771,"minecraft:climb_one_cm":23210,"minecraft:sprint_one_cm":797043,"minecraft:walk_one_cm":393264,"minecraft:damage_blocked_by_shield":940,"minecraft:drop":88,"minecraft:talked_to_villager":2,"minecraft:play_time":242370,"minecraft:sneak_time":14056,"minecraft:deaths":14,"minecraft:walk_under_water_one_cm":22498,"minecraft:jump":4224,"minecraft:interact_with_blast_furnace":2,"minecraft:walk_on_water_one_cm":36520,"minecraft:total_world_time":242370,"minecraft:interact_with_furnace":7,"minecraft:tune_noteblock":2,"minecraft:sleep_in_bed":3,"minecraft:time_since_rest":5799,"minecraft:damage_taken":9570,"minecraft:damage_dealt":29768,"minecraft:swim_one_cm":66158,"minecraft:fly_one_cm":1047112,"minecraft:open_chest":123,"minecraft:crouch_one_cm":31799,"minecraft:interact_with_smoker":2,"minecraft:fall_one_cm":149963},"minecraft:crafted":{"minecraft:oak_planks":40,"globalxp:xp_block":2,"minecraft:furnace":2,"minecraft:iron_bars":16,"minecraft:iron_axe":1,"minecraft:stone_pickaxe":1,"minecraft:chest":4,"minecraft:diamond_sword":1,"minecraft:cooked_porkchop":27,"minecraft:crafting_table":3,"minecraft:spruce_planks":116,"minecraft:wooden_pickaxe":1,"minecraft:bucket":1,"minecraft:birch_planks":112,"minecraft:stone_axe":1,"minecraft:air":0,"minecraft:iron_chestplate":2,"minecraft:stick":20,"minecraft:iron_pickaxe":1,"minecraft:wooden_axe":1,"minecraft:iron_leggings":2,"minecraft:white_bed":1},"minecraft:mined":{"minecraft:dark_oak_planks":9,"minecraft:spruce_planks":10,"minecraft:white_bed":3,"minecraft:deepslate_diamond_ore":9,"minecraft:potted_crimson_fungus":1,"minecraft:ladder":1,"gravestone:gravestone":11,"minecraft:granite":3,"minecraft:spruce_fence":2,"minecraft:grass_block":1,"minecraft:decorated_pot":1,"minecraft:stripped_jungle_wood":1,"minecraft:jungle_log":3,"minecraft:light_gray_bed":2,"minecraft:coal_block":2,"minecraft:mangrove_trapdoor":1,"minecraft:spruce_leaves":1,"minecraft:spawner":12,"minecraft:large_fern":2,"minecraft:iron_ore":2,"minecraft:deepslate_lapis_ore":3,"minecraft:big_dripleaf_stem":1,"minecraft:dark_oak_stairs":4,"minecraft:bookshelf":66,"minecraft:vine":1,"minecraft:deepslate_iron_ore":12,"minecraft:bamboo":2,"minecraft:stripped_mangrove_wood":8,"minecraft:stone":52,"minecraft:white_wool":10,"minecraft:deepslate_redstone_ore":6,"minecraft:powder_snow":2,"minecraft:crafting_table":1,"minecraft:light_gray_terracotta":26,"minecraft:blast_furnace":7,"minecraft:calcite":12,"minecraft:rose_bush":2,"minecraft:campfire":1,"minecraft:lectern":2,"minecraft:tall_grass":20,"minecraft:cobblestone":1,"minecraft:green_stained_glass_pane":2,"minecraft:bricks":9,"minecraft:big_dripleaf":1,"minecraft:spruce_stairs":3,"minecraft:birch_planks":35,"minecraft:black_stained_glass":2,"minecraft:coarse_dirt":1,"minecraft:beehive":2,"minecraft:birch_log":28,"minecraft:sweet_berry_bush":6,"minecraft:ice":2,"minecraft:blue_ice":2,"globalxp:xp_block":6,"minecraft:spruce_log":33,"minecraft:birch_leaves":15,"minecraft:tnt":4,"minecraft:stone_brick_stairs":1,"minecraft:grass":23,"minecraft:coal_ore":33,"minecraft:oak_log":55,"minecraft:dirt":11,"minecraft:cobweb":3,"minecraft:terracotta":26,"minecraft:tripwire_hook":1,"minecraft:stone_bricks":1,"minecraft:fern":1},"minecraft:dropped":{"minecraft:birch_planks":134,"minecraft:dark_oak_stairs":2,"minecraft:wheat_seeds":3,"minecraft:oak_log":10,"minecraft:glass_bottle":2,"anthropology_items__structures:hunters_machete":1,"minecraft:deepslate_diamond_ore":1,"minecraft:creeper_spawn_egg":1,"minecraft:leather":4,"minecraft:granite":2,"minecraft:spruce_stairs":1,"minecraft:coal":3,"minecraft:coal_block":1,"minecraft:stick":14,"minecraft:dirt":10,"minecraft:wooden_axe":2,"minecraft:rose_bush":1,"minecraft:map":3,"minecraft:iron_leggings":1,"gravestone:obituary":8,"minecraft:paper":8,"minecraft:dark_oak_planks":5,"minecraft:bone":8,"minecraft:snow_block":5,"minecraft:spyglass":1,"minecraft:polished_andesite_slab":2,"minecraft:birch_sapling":1,"minecraft:rotten_flesh":11,"minecraft:oak_planks":6,"minecraft:big_dripleaf":6,"minecraft:potato":2,"minecraft:stone":1,"minecraft:gunpowder":2,"minecraft:iron_chestplate":1,"minecraft:light_gray_bed":1,"minecraft:blue_ice":6,"minecraft:azalea":1,"minecraft:oak_sapling":7,"globalxp:xp_block":3,"minecraft:blue_orchid":1,"minecraft:bow":1,"minecraft:beef":3,"minecraft:stone_pickaxe":1,"minecraft:wooden_pickaxe":1,"minecraft:calcite":7,"minecraft:egg":1}},"DataVersion":3465}